{
  "project_info": {
    "project_number": "652440141904",
    "project_id": "gymhelp-64eb6",
    "storage_bucket": "gymhelp-64eb6.firebasestorage.app"
  },
  "client": [
    {
      "client_info": {
        "mobilesdk_app_id": "1:652440141904:android:ce8d9f008e6d05f2971155",
        "android_client_info": {
          "package_name": "com.gabriel.gymhelp"
        }
      },
      "oauth_client": [],
      "api_key": [
        {
          "current_key": "AIzaSyAD8bHUX0volNS7Y8QtT3z-uiHacUkYRtg"
        }
      ],
      "services": {
        "appinvite_service": {
          "other_platform_oauth_client": []
        }
      }
    }
  ],
  "configuration_version": "1"
}